id,token,tag,wiki_id
0,Показана,O,
1,возможность,O,
2,контроля,O,
3,деградации,B-TERM,
4,лазерной,I-TERM,
5,гетероструктуры,I-TERM,
6,путем,O,
7,анализа,B-TERM,
8,диаграммы,I-TERM,
9,направленности,I-TERM,
10,лазерного,I-TERM,
11,диода,I-TERM,
12,с,O,
13,использованием,O,
14,экспериментально,O,
15,определенного,O,
16,значения,O,
17,показателя,O,
18,преломления,B-TERM,
19,волноводного,I-TERM,
20,слоя,I-TERM,
21,.,O,
