id,token,tag,wiki_id
0,Статья,O,
1,посвящена,O,
2,философскому,O,
3,осмыслению,O,
4,проблемы,O,
5,внедрения,O,
6,информационных,B-TERM,Q11661
7,технологий,I-TERM,
8,в,O,
9,процесс,B-TERM,
10,обучения,I-TERM,
11,.,O,
12,Рассмотрены,O,
13,различные,O,
14,направления,O,
15,",",O,
16,достижения,O,
17,",",O,
18,проблемы,O,
19,и,O,
20,постулаты,O,
21,современного,O,
22,образования,O,
23,",",O,
24,в,O,
25,том,O,
26,числе,O,
27,и,O,
28,не,O,
29,подлежащие,O,
30,компьютеризации,B-TERM,
31,.,O,
