id,token,tag,wiki_id
0,Рассмотрены,O,
1,особенности,O,
2,новой,O,
3,методики,B-TERM,Q4291913
4,и,O,
5,алгоритмов,B-TERM,
6,прогнозирования,I-TERM,
7,",",O,
8,основанных,O,
9,на,O,
10,определении,B-TERM,
11,оптимальных,I-TERM,
12,базовых,I-TERM,
13,параметров,I-TERM,
14,процессов,I-TERM,
15,",",O,
16,оптимально,O,
17,дискретизированных,O,
18,по,O,
19,уровню,O,
20,и,O,
21,времени,O,
22,во,O,
23,временные,B-TERM,Q186588
24,ряды,I-TERM,
25,.,O,
26,Показано,O,
27,",",O,
28,что,O,
29,информационные,B-TERM,
30,системы,I-TERM,
31,прогнозирования,I-TERM,
32,",",O,
33,разработанные,O,
34,на,O,
35,основе,O,
36,этой,O,
37,методики,B-TERM,
38,",",O,
39,позволяют,O,
40,эффективно,O,
41,прогнозировать,O,
42,различные,O,
43,процессы,B-TERM,Q10843872
44,.,O,
