id,token,tag,wiki_id
0,Рассмотрены,O,
1,этапы,O,
2,проектирования,B-TERM,
3,приложений,I-TERM,
4,с,O,
5,помощью,O,
6,предложенного,O,
7,автором,O,
8,проблемно,B-TERM,
9,-,I-TERM,
10,ориентированного,I-TERM,
11,объектного,I-TERM,
12,программирования,I-TERM,
13,(,O,
14,ПООП,B-TERM,
15,),O,
16,.,O,
17,Приведен,O,
18,пример,O,
19,описания,O,
20,с,O,
21,помощью,O,
22,ПООП,B-TERM,
23,продукционных,B-TERM,
24,правил,I-TERM,
25,системы,I-TERM,
26,логического,I-TERM,
27,вывода,I-TERM,
28,.,O,
