id,token,tag,wiki_id
0,Рассмотрены,O,
1,вопросы,O,
2,",",O,
3,связанные,O,
4,с,O,
5,эффективностью,O,
6,декодирования,B-TERM,
7,многопороговых,I-TERM,
8,методов,I-TERM,
9,коррекции,I-TERM,
10,ошибок,I-TERM,
11,в,O,
12,типичных,O,
13,многолучевых,B-TERM,
14,каналах,I-TERM,
15,связи,I-TERM,
16,с,O,
17,замираниями,B-TERM,
18,.,O,
19,Проведено,O,
20,исследование,B-TERM,
21,характеристик,I-TERM,
22,при,O,
23,совместном,O,
24,использовании,B-TERM,Q69406938
25,многопорогового,B-TERM,
26,декодера,I-TERM,
27,и,O,
28,OFDM,B-TERM,Q375889
29,c,O,
30,различными,O,
31,характеристиками,O,
32,.,O,
33,Показано,O,
34,",",O,
35,что,O,
36,многопороговые,B-TERM,
37,декодеры,I-TERM,
38,способны,O,
39,обеспечивать,O,
40,достаточно,O,
41,высокую,O,
42,достоверность,O,
43,передаваемых,B-TERM,
44,данных,I-TERM,
45,при,O,
46,большом,O,
47,количестве,O,
48,ошибок,O,
49,.,O,
