id,token,tag,wiki_id
0,В,O,
1,статье,O,
2,рассматриваются,O,
3,основные,O,
4,положения,O,
5,метода,B-TERM,
6,поиска,I-TERM,
7,полной,I-TERM,
8,совокупности,I-TERM,
9,бинарных,I-TERM,
10,последовательностей,I-TERM,
11,де,I-TERM,
12,Брейна,I-TERM,
13,при,O,
14,заданной,O,
15,разрядности,B-TERM,
16,цифровой,B-TERM,Q4505963
17,шкалы,I-TERM,
18,датчика,B-TERM,
19,положения,I-TERM,
20,.,O,
