id,token,tag,wiki_id
0,Рассматриваются,O,
1,перспективы,O,
2,развития,O,
3,корпоративных,B-TERM,Q131508
4,информационных,I-TERM,
5,систем,I-TERM,
6,и,O,
7,проблемы,O,
8,",",O,
9,с,O,
10,этим,O,
11,связанные,O,
12,.,O,
13,Исследование,B-TERM,Q42240
14,коснется,O,
15,ряда,O,
16,аспектов,O,
17,корпоративных,B-TERM,Q131508
18,систем,I-TERM,
19,:,O,
20,больших,B-TERM,Q858810
21,данных,I-TERM,
22,",",O,
23,хранения,B-TERM,
24,результатов,I-TERM,
25,",",O,
26,интеграции,B-TERM,
27,разнородных,I-TERM,
28,систем,I-TERM,
29,",",O,
30,идентификации,B-TERM,
31,объектов,I-TERM,
32,",",O,
33,использования,O,
34,технологий,O,
35,искусственного,B-TERM,Q11660
36,интеллекта,I-TERM,
37,",",O,
38,проблем,O,
39,настройки,B-TERM,
40,и,O,
41,обучения,B-TERM,Q2539
42,",",O,
43,автоматических,B-TERM,
44,объектов,I-TERM,
45,",",O,
46,интернета,B-TERM,Q251212
47,вещей,I-TERM,
48,.,O,
49,Также,O,
50,будут,O,
51,рассмотрены,O,
52,вопросы,O,
53,проектирования,B-TERM,Q857102
54,систем,I-TERM,
55,",",O,
56,использования,O,
57,наследуемых,B-TERM,
58,решений,I-TERM,
59,",",O,
60,особо,O,
61,будут,O,
62,отмечены,O,
63,опасности,O,
64,всеобщей,O,
65,автоматизации,B-TERM,Q184199
66,",",O,
67,проблема,O,
68,выявления,O,
69,и,O,
70,устранения,O,
71,ошибок,O,
72,.,O,
73,Во,O,
74,введении,O,
75,отмечено,O,
76,",",O,
77,что,O,
78,корпоративные,B-TERM,Q131508
79,информационные,I-TERM,
80,системы,I-TERM,
81,занимают,O,
82,важное,O,
83,место,O,
84,в,O,
85,жизни,O,
86,человека,O,
87,.,O,
88,Ставится,O,
89,задача,O,
90,провести,O,
91,анализ,O,
92,основных,O,
93,тенденций,O,
94,развития,O,
95,корпоративных,B-TERM,Q131508
96,информационных,I-TERM,
97,систем,I-TERM,
98,",",O,
99,определены,O,
100,примерные,O,
101,контуры,O,
102,новых,O,
103,информационных,B-TERM,Q11661
104,технологий,I-TERM,
105,",",O,
106,реализуемых,O,
107,на,O,
108,их,O,
109,основе,O,
110,",",O,
111,оценены,O,
112,возможные,O,
113,проблемы,O,
114,.,O,
115,Отмечены,O,
116,перспективы,O,
117,развития,O,
118,и,O,
119,возникающие,O,
120,проблемы,O,
121,генерации,B-TERM,Q11398090
122,и,O,
123,хранения,B-TERM,Q57515336 
124,больших,O,
125,массивов,B-TERM,Q186152
126,данных,I-TERM,
127,",",O,
128,особо,O,
129,отмечена,O,
130,проблема,O,
131,хранения,B-TERM,Q57515336 
132,неструктурированных,B-TERM,Q1141900
133,данных,I-TERM,
134,.,O,
135,При,O,
136,вводе,B-TERM,Q1125955
137,данных,I-TERM,
138,на,O,
139,естественном,B-TERM,Q33742
140,языке,I-TERM,
141,отмечены,O,
142,основные,O,
143,проблемы,O,
144,",",O,
145,связанные,O,
146,с,O,
147,качественным,O,
148,распознаванием,B-TERM,Q189436
149,речи,I-TERM,
150,",",O,
151,вместе,O,
152,с,O,
153,тем,O,
154,",",O,
155,общее,O,
156,понимание,O,
157,того,O,
158,",",O,
159,как,O,
160,это,O,
161,сделать,O,
162,есть,O,
163,.,O,
164,При,O,
165,организации,O,
166,хранения,B-TERM,Q57515336
167,данных,I-TERM,
168,выделены,O,
169,технологии,B-TERM,
170,автоматического,I-TERM,
171,устранения,I-TERM,
172,ошибок,I-TERM,
173,",",O,
174,возникающих,O,
175,при,O,
176,хранении,B-TERM,Q57515336
177,.,O,
178,Отмечена,O,
179,важность,O,
180,интеграции,B-TERM,
181,систем,I-TERM,
182,",",O,
183,а,O,
184,также,O,
185,важность,O,
186,разработки,O,
187,соответствующих,O,
188,интерфейсов,B-TERM,Q23808
189,.,O,
190,Показана,O,
191,важность,O,
192,технологий,B-TERM,
193,обучения,I-TERM,
194,",",O,
195,которое,O,
196,должно,O,
197,быть,O,
198,правильным,O,
199,",",O,
200,эффективным,O,
201,и,O,
202,развивающим,O,
203,и,O,
204,не,O,
205,должно,O,
206,запоминать,O,
207,неэффективные,O,
208,решения,O,
209,.,O,
210,Важным,O,
211,будет,O,
212,обеспечение,O,
213,надежного,O,
214,",",O,
215,с,O,
216,точки,O,
217,зрения,O,
218,сохранности,B-TERM,Q461671
219,и,O,
220,безопасности,B-TERM,Q899388
221,",",O,
222,хранения,B-TERM,Q57515336
223,данных,I-TERM,
224,.,O,
225,Существенно,O,
226,изменятся,O,
227,технологии,B-TERM,Q2695280
228,распознавания,B-TERM,Q1971661
229,объектов,I-TERM,
230,на,O,
231,основе,O,
232,непосредственного,B-TERM,
233,считывания,I-TERM,
234,визуальной,B-TERM,
235,информации,I-TERM,
236,",",O,
237,отмечены,O,
238,организационные,O,
239,и,O,
240,технические,O,
241,проблемы,O,
242,.,O,
243,Показано,O,
244,",",O,
245,что,O,
246,современные,O,
247,системы,B-TERM,Q184793
248,как,O,
249,занимающиеся,O,
250,проектированием,B-TERM,Q857102
251,",",O,
252,так,O,
253,и,O,
254,являющиеся,O,
255,продуктом,O,
256,проектирования,B-TERM,Q857102
257,немыслимы,O,
258,без,O,
259,встроенных,O,
260,технологий,B-TERM,Q2695280
261,искусственного,B-TERM,Q11660
262,интеллекта,I-TERM,
263,.,O,
264,Выделена,O,
265,как,O,
266,самостоятельная,O,
267,часть,O,
268,внедрение,O,
269,технологий,B-TERM,Q2695280
270,автоматического,B-TERM,
271,управления,I-TERM,
272,транспортным,I-TERM,
273,средством,I-TERM,
274,",",O,
275,отмечен,O,
276,ряд,O,
277,организационных,O,
278,проблем,O,
279,.,O,
280,Определены,O,
281,перспективы,O,
282,Q188860,B-TERM,Q184793
283,.,O,
284,Использование,O,
285,мощных,O,
286,библиотек,B-TERM,
287,",",O,
288,интеграция,O,
289,аппаратного,B-TERM,
290,и,O,
291,программного,B-TERM,Q857102
292,проектирования,I-TERM,
293,",",O,
294,применение,O,
295,интеллектуальных,B-TERM,
296,технологий,I-TERM,
297,является,O,
298,ближайшей,O,
299,перспективой,O,
300,САПР,B-TERM,Q184793
301,.,O,
302,Отмечена,O,
303,возможность,O,
304,наследования,B-TERM,
305,решений,I-TERM,
306,для,O,
307,сокращения,O,
308,сроков,O,
309,разработки,O,
310,и,O,
311,уменьшения,O,
312,затрат,O,
313,ресурсов,B-TERM,Q1675349
314,.,O,
315,В,O,
316,заключение,O,
317,показано,O,
318,",",O,
319,что,O,
320,перечисленные,O,
321,перспективы,O,
322,не,O,
323,исчерпывают,O,
324,весь,O,
325,спектр,B-TERM,Q21075690
326,возможных,I-TERM,
327,решений,I-TERM,
328,",",O,
329,а,O,
330,сформулированные,O,
331,проблемы,O,
332,не,O,
333,исчерпывают,O,
334,весь,O,
335,перечень,O,
336,проблем,O,
337,",",O,
338,однако,O,
339,достижение,O,
340,поставленных,O,
341,целей,B-TERM,Q4503831
342,в,O,
343,полной,O,
344,или,O,
345,в,O,
346,частичной,O,
347,мере,O,
348,позволит,O,
349,расширить,O,
350,применение,O,
351,современных,O,
352,и,O,
353,перспективных,O,
354,информационных,B-TERM,Q11661
355,технологий,I-TERM,
356,в,O,
357,различных,O,
358,сферах,O,
359,нашей,O,
360,жизни,O,
361,.,O,
