id,token,tag,wiki_id
0,Обсуждаются,O,
1,результаты,O,
2,исследования,O,
3,влияния,O,
4,информационных,B-TERM,Q6031073
5,потоков,I-TERM,
6,в,O,
7,магистральном,B-TERM,Q1360517
8,интернет,I-TERM,
9,-,I-TERM,
10,канале,I-TERM,
11,",",O,
12,проведенного,O,
13,на,O,
14,основе,O,
15,анализа,O,
16,15,O,
17,-,O,
18,и,O,
19,минутных,O,
20,дампов,B-TERM,
21,интернет,I-TERM,
22,-,I-TERM,
23,трафика,I-TERM,
24,",",O,
25,находящихся,O,
26,в,O,
27,свободном,B-TERM,Q232932
28,доступе,I-TERM,
29,в,O,
30,архиве,B-TERM,
31,MAWI,I-TERM,
32,[,O,
33,1,O,
34,],O,
35,.,O,
36,При,O,
37,этом,O,
38,выделены,O,
39,три,O,
40,класса,B-TERM,Q4479242
41,информационных,B-TERM,Q6031073
42,потоков,I-TERM,
43,",",O,
44,в,O,
45,зависимости,O,
46,от,O,
47,объемов,B-TERM,
48,переданной,I-TERM,
49,данными,I-TERM,
50,потоками,I-TERM,
51,информации,I-TERM,
52,:,O,
53,«,O,
54,Мыши,O,
55,»,O,
56,",",O,
57,«,O,
58,Мулы,O,
59,»,O,
60,и,O,
61,«,O,
62,Слоны,O,
63,»,O,
64,.,O,
65,В,O,
66,соответствие,O,
67,с,O,
68,авторской,O,
69,методикой,B-TERM,
70,для,O,
71,каждого,O,
72,из,O,
73,выбранных,O,
74,классов,B-TERM,
75,потоков,B-TERM,Q6031073
76,получены,O,
77,случайные,B-TERM,Q228191
78,последовательности,I-TERM,
79,(,O,
80,СП,B-TERM,Q228191
81,),O,
82,Ni,B-TERM,
83,",",O,
84,Vi,B-TERM,
85,",",O,
86,Ṽi,B-TERM,
87,",",O,
88,содержащие,O,
89,упорядоченные,B-TERM,
90,во,I-TERM,
91,времени,I-TERM,
92,значения,B-TERM,
93,количества,I-TERM,
94,пакетов,I-TERM,
95,и,I-TERM,
96,объемов,I-TERM,
97,информации,I-TERM,
98,",",O,
99,переданных,O,
100,в,O,
101,течение,O,
102,заданного,B-TERM,Q186081
103,временного,I-TERM,
104,интервала,I-TERM,
105,",",O,
106,а,O,
107,также,O,
108,среднего,B-TERM,
109,объема,I-TERM,
110,переданной,I-TERM,
111,информации,I-TERM,
112,",",O,
113,приходящейся,O,
114,на,O,
115,один,O,
116,пакет,B-TERM,
117,.,O,
118,Продемонстрировано,O,
119,",",O,
120,что,O,
121,вопреки,O,
122,устоявшимся,O,
123,представлениям,O,
124,",",O,
125,фрактальными,B-TERM,
126,(,O,
127,самоподобными,B-TERM,
128,),O,
129,свойствами,B-TERM,
130,обладают,O,
131,не,O,
132,СП,B-TERM,Q228191
133,Ni,I-TERM,
134,",",O,
135,Vi,B-TERM,
136,",",O,
137,Ṽi,B-TERM,
138,",",O,
139,но,O,
140,их,O,
141,накопленные,B-TERM,
142,суммы,I-TERM,
143,и,O,
144,получены,O,
145,оценки,B-TERM,Q37113960
146,их,O,
147,показателей,B-TERM,
148,Херста,I-TERM,
149,.,O,
150,Построены,O,
151,регрессионные,B-TERM,Q30556303
152,модели,I-TERM,
153,",",O,
154,описывающие,O,
155,зависимости,B-TERM,Q186290
156,показателей,B-TERM,
157,Херста,I-TERM,
158,накопленных,B-TERM,
159,сумм,I-TERM,
160,СП,I-TERM,
161,Ni,B-TERM,
162,",",O,
163,Vi,B-TERM,
164,",",O,
165,Ṽi,B-TERM,
166,",",O,
167,от,O,
168,объемов,B-TERM,Q11028
169,информации,I-TERM,
170,и,O,
171,числа,O,
172,пакетов,B-TERM,Q1995545
173,",",O,
174,переданных,O,
175,каждым,O,
176,из,O,
177,выбранных,O,
178,классов,B-TERM,
179,пользователей,I-TERM,
180,",",O,
181,которые,O,
182,позволяют,O,
183,оценивать,O,
184,взаимное,B-TERM,
185,влияние,I-TERM,
186,информационных,B-TERM,
187,потоков,I-TERM,
188,",",O,
189,создаваемых,O,
190,«,O,
191,Мышами,O,
192,»,O,
193,",",O,
194,«,O,
195,Мулами,O,
196,»,O,
197,и,O,
198,«,O,
199,Слонами,O,
200,»,O,
201,",",O,
202,друг,O,
203,на,O,
204,друга,O,
205,.,O,
206,Установлено,O,
207,",",O,
208,что,O,
209,значения,O,
210,объемов,B-TERM,
211,информации,I-TERM,
212,",",O,
213,переданной,O,
214,в,O,
215,течение,O,
216,15,O,
217,минут,O,
218,каждым,O,
219,из,O,
220,классов,B-TERM,
221,пользователей,I-TERM,
222,",",O,
223,связаны,O,
224,детерминированными,B-TERM,
225,линейными,I-TERM,
226,зависимостями,I-TERM,
227,.,O,
228,Это,O,
229,свидетельствует,O,
230,о,O,
231,возможности,O,
232,разработки,O,
233,механизмов,B-TERM,
234,балансировки,I-TERM,
235,объемов,B-TERM,
236,передаваемой,I-TERM,
237,информации,I-TERM,
238,",",O,
239,призванных,O,
240,повысить,O,
241,качество,B-TERM,
242,обслуживания,I-TERM,
243,пользователей,B-TERM,
244,данным,O,
245,каналом,B-TERM,Q1360517
246,",",O,
247,на,O,
248,основе,O,
249,управления,O,
250,скоростью,B-TERM,
251,передачи,I-TERM,
252,информации,I-TERM,
253,каждого,O,
254,из,O,
255,выделенных,O,
256,классов,B-TERM,
257,пользователей,I-TERM,
258,в,O,
259,зависимости,O,
260,от,O,
261,текущих,O,
262,значений,O,
263,показателей,B-TERM,
264,Херста,I-TERM,
265,накопленных,B-TERM,
266,сумм,I-TERM,
267,СП,I-TERM,
268,Ni,B-TERM,
269,",",O,
270,Vi,B-TERM,
271,",",O,
272,Ṽi,B-TERM,
273,.,O,
274,Приведен,O,
275,пример,O,
276,подобного,O,
277,алгоритма,O,
278,.,O,
