id,token,tag,wiki_id
0,Полевая,B-TERM,
1,документация,I-TERM,
2,в,O,
3,большинстве,O,
4,случаев,O,
5,ведется,O,
6,в,O,
7,бумажном,O,
8,виде,O,
9,с,O,
10,использованием,O,
11,карандаша,O,
12,",",O,
13,в,O,
14,редких,O,
15,случаях,O,
16,используется,O,
17,лицензионное,B-TERM,
18,программное,I-TERM,
19,обеспечение,I-TERM,
20,.,O,
21,Это,O,
22,связано,O,
23,с,O,
24,высокой,O,
25,стоимостью,O,
26,оборудования,O,
27,и,O,
28,основными,O,
29,финансовыми,O,
30,вложениями,O,
31,именно,O,
32,в,O,
33,оборудование,O,
34,и,O,
35,технологии,O,
36,бурения,B-TERM,Q12177444
37,",",O,
38,а,O,
39,не,O,
40,средства,O,
41,документирования,B-TERM,Q99194075
42,.,O,
43,В,O,
44,работе,O,
45,предлагается,O,
46,описание,O,
47,построения,O,
48,универсальной,O,
49,программы,O,
50,ведения,O,
51,полевой,B-TERM,
52,геологической,I-TERM,
53,документации,I-TERM,
54,",",O,
55,которая,O,
56,решает,O,
57,существенную,O,
58,часть,O,
59,задач,O,
60,своих,O,
61,конкурентов,O,
62,в,O,
63,части,O,
64,ведения,O,
65,полевого,B-TERM,
66,журнала,I-TERM,
67,.,O,
68,В,O,
69,работе,O,
70,описаны,O,
71,основные,O,
72,требования,O,
73,к,O,
74,программе,O,
75,ведения,O,
76,геологической,B-TERM,
77,документации,I-TERM,
78,",",O,
79,сформулированы,O,
80,ее,O,
81,ограничения,O,
82,",",O,
83,предложены,O,
84,решения,O,
85,по,O,
86,каждой,O,
87,из,O,
88,ключевых,O,
89,задач,O,
90,разработки,B-TERM,Q638608
91,",",O,
92,приведены,O,
93,принципиальные,O,
94,фрагменты,O,
95,программного,B-TERM,Q128751
96,кода,I-TERM,
97,на,O,
98,Java,B-TERM,Q251
99,.,O,
100,Описаны,O,
101,подходы,O,
102,к,O,
103,формированию,O,
104,текстового,O,
105,описания,O,
106,для,O,
107,каждого,O,
108,интервала,B-TERM,
109,с,O,
110,использованием,O,
111,скриптового,B-TERM,Q2005
112,языка,I-TERM,
113,JavaScript,I-TERM,
114,",",O,
115,в,O,
116,том,O,
117,числе,O,
118,с,O,
119,использованием,O,
120,данных,B-TERM,Q494756
121,по,O,
122,подынтервалам,B-TERM,
123,.,O,
