id,token,tag,wiki_id
0,Приведены,O,
1,результаты,O,
2,сравнительного,O,
3,анализа,O,
4,практически,O,
5,востребованных,O,
6,методов,O,
7,триангуляции,B-TERM,Q192445
8,Делоне,I-TERM,
9,",",O,
10,обладающих,O,
11,высоким,O,
12,быстродействием,O,
13,и,O,
14,низкой,O,
15,ресурсоемкостью,O,
16,.,O,
17,Обосновывается,O,
18,практическая,O,
19,целесообразность,O,
20,выбора,O,
21,двухпроходных,B-TERM,
22,методов,I-TERM,
23,триангуляции,I-TERM,
24,Делоне,I-TERM,
25,для,O,
26,формирования,O,
27,трехмерных,B-TERM,
28,фрактальных,I-TERM,
29,объектов,I-TERM,
30,и,O,
31,предложена,O,
32,модификация,O,
33,двухпроходного,B-TERM,
34,веерного,I-TERM,
35,алгоритма,I-TERM,
36,.,O,
